iter,b,se,p
1,-0.038799752288375,0.0695852861184133,0.577127403825948
2,0.0573944669094358,0.0511585193154091,0.261907254070785
3,-0.0460405023966272,0.0502261743653069,0.35931898140236
4,0.252376491018874,0.0529425436023139,1.87000075411988e-06
5,0.233283572966797,0.123935742720975,0.0597960341986513
6,0.0297919939443856,0.100958868003085,0.767924813970863
7,-0.158261988920499,0.15053348778496,0.29310212080666
8,-0.0805719624893404,0.055532161288765,0.146805954286669
9,0.127554128405725,0.0916405398626518,0.163953802311908
10,0.0479929374426642,0.0417040441260028,0.249815279998528
11,-0.205146973089033,0.0870713599891553,0.0184690063908996
12,-0.102219906382477,0.0603791243357551,0.0904616182768354
13,0.0536347746859889,0.0815090209479175,0.510523634330444
14,0.0432073277165813,0.0539491641473923,0.423195526806939
15,-0.119974991804664,0.0616193943030607,0.0515307830469831
16,0.363572322090417,0.0873194129159956,3.13123906952579e-05
17,-0.100948514273406,0.0644234687860498,0.117125799142019
18,-0.0784216038094565,0.0580986068675131,0.177079569086708
19,0.103105674758669,0.0559968026120149,0.0655808455812344
20,-0.159717729799214,0.0461477813566644,0.000538161613022671
21,0.136768308631508,0.0712266963178543,0.0548347576470417
22,0.0218963985182283,0.0372205731298077,0.556339323482739
23,-0.000843723910057725,0.0255968542847488,0.973704878335903
24,-0.0454862780914181,0.0556191233962487,0.413461551291845
25,0.110682485839965,0.0789777427379149,0.161082847959175
26,0.0151105865362305,0.0535989958573664,0.77800545975416
27,-0.0450676381563159,0.0481316639077687,0.349097774824157
28,0.111141485639881,0.0692404747817279,0.108460360896917
29,-0.0263462574891191,0.0635734285883914,0.67856473355318
30,0.0899534783181206,0.0703146491678387,0.20079169475251
31,-0.0871754381175772,0.0365108682683881,0.016956148638094
32,-0.0366268409053935,0.0624101615712486,0.557288981325243
33,-0.0767195273294125,0.0728482121895499,0.292275818865477
34,-0.0742363898301886,0.0657217953609088,0.25866373512463
35,0.076615529267893,0.0462805819512723,0.0978317622410651
36,0.00115716750689414,0.0675145718656629,0.986325309338263
37,0.0529489961746407,0.0759809337229936,0.485882812046176
38,0.112909347407474,0.0863666907802714,0.191102304487558
39,-0.0774927234379329,0.0666588451634484,0.245021365538324
40,-0.0602359285619463,0.0341360709815003,0.077633884406009
41,-0.0655933186025036,0.0477521980195531,0.169560046511859
42,-0.00780043954387479,0.0496555766396616,0.875173204217024
43,0.0817362628282534,0.110230432739746,0.45838814912974
44,0.0100155543780667,0.0554439969956514,0.856648022413226
45,-0.0948768973041714,0.0805944469102959,0.239110171067723
46,-0.0267916488319182,0.0534373371392008,0.616113763035162
47,0.0322724545207545,0.0720221934144712,0.65408794542309
48,0.240992874942901,0.156939404053152,0.124641633790776
49,0.000213110128866006,0.088670112054597,0.998082362659369
50,0.0423797592924553,0.0333356945514309,0.203620973615989
51,-0.151309751016357,0.0842854901141562,0.0726210106334745
52,0.140395976274607,0.0589229687176305,0.0171860203152356
53,0.000990622050891396,0.0508540131044533,0.984458413269871
54,-0.0748781015553002,0.0400987040859052,0.0618534704074598
55,-0.0187146790573782,0.0493669070954185,0.704618350789445
56,0.0131735286980991,0.0582750564873812,0.821156497318503
57,0.00391364731263508,0.0254137549588331,0.877611936889611
58,0.0536099696997788,0.0652919015360236,0.411599870948222
59,-0.105077052028389,0.0344474567420264,0.0022856924925805
60,-0.00958474089635398,0.071143436201304,0.892829956921265
61,0.285803411523073,0.129221001105518,0.0269845522922626
62,-0.0857488520281433,0.0447499177555204,0.0553423171983326
63,-0.0082690002028993,0.0680903069877992,0.903341217736122
64,0.130106900458161,0.100302069984348,0.19457933920393
65,0.0299309323419388,0.0341695571364087,0.38105548549981
66,0.0941325161699156,0.125261132453938,0.45235768352818
67,-0.0174004803963522,0.03980224480814,0.661985640902184
68,-0.0618230547086866,0.0417876894325976,0.13901843893735
69,0.0157339088434916,0.0497600876048102,0.751854228955321
70,0.043767076952274,0.0712355233096011,0.538951300735805
71,-0.0240858889714688,0.0455935095610203,0.597308820024364
72,0.00509800277102236,0.0698446382131087,0.941813589456846
73,0.00041000710021051,0.0670494676506884,0.995120971011966
74,0.133675716452065,0.0879604281811676,0.128579949176412
75,-0.161849097465777,0.0679992619287177,0.0173051401902299
76,-0.0450588397423749,0.0643662498082971,0.483903389519004
77,0.00864165694560639,0.0325559549513481,0.790670424524391
78,0.038583959052991,0.0791536002174293,0.625934664399719
79,-0.101452243856937,0.0669988952304581,0.12996559778547
80,-0.132493327037749,0.0608039733970156,0.0293298734983407
81,0.00128937812183929,0.0713566933683985,0.98558342788735
82,0.000615079003364941,0.0453986325960226,0.989190268542792
83,-0.0726438234941795,0.0800781919642711,0.364321592897299
84,0.0171221536903608,0.0270980571803138,0.527478959121082
85,-0.108393976765283,0.115885292454917,0.349604983756029
86,0.0795480689281588,0.071110381513848,0.26328683911962
87,0.0706846825117603,0.0735681108564425,0.336649719883366
88,-0.0177459121408865,0.053462291599715,0.739939663456973
89,0.0468001449386717,0.0424297409672706,0.270025725589051
90,-0.0203093094458388,0.0449361212746534,0.65129811829956
91,0.0103961888549714,0.0844114985986955,0.901979755385668
92,0.0267771974360559,0.095952905842605,0.780194144540555
93,0.0548271444051431,0.0565536473160073,0.33231003639001
94,0.0310652345929708,0.0619586090178563,0.61609886101029
95,0.0732418889491796,0.0868679784973777,0.399150011277304
96,-0.0175437375450304,0.0508056741890566,0.729860882909319
97,0.0207484884481578,0.046340292530647,0.654339512482827
98,0.140833570709353,0.0733203083388981,0.0547570598786685
99,-0.0280038064577765,0.070448613933222,0.69099373782596
100,0.0839485771490674,0.092812567480876,0.365732562283389
101,-0.123561407391228,0.0686589327364107,0.0719173956347858
102,-0.00586021024003087,0.117659170611732,0.960276459810163
103,-0.0909976760072183,0.0594397734836101,0.125788591818458
104,-0.0558727192305478,0.0487739862473311,0.251984117925639
105,0.117569584467493,0.136603108638277,0.389422292868509
106,0.102181118032724,0.0722846465444967,0.157481244020947
107,-0.106782134648546,0.0351928268547856,0.00241173137910658
108,0.072254150622681,0.0538494383552903,0.179667030305969
109,0.0441678727324892,0.0549046467673581,0.421138926006657
110,0.114384270093356,0.0574152229507038,0.046345941759302
111,0.0981394643604804,0.0968622828741725,0.310971546065739
112,-0.00614011312771501,0.0421627924823055,0.884214501385443
113,0.0552308017554429,0.0807129813060701,0.493794283502137
114,-0.156736672415415,0.0493122773259413,0.00148064084574898
115,0.0574361860758066,0.0639508210096953,0.369115953412147
116,0.0922112618502909,0.0769838008304251,0.230994557348469
117,-0.0908330080070388,0.0950387500690379,0.339200029673819
118,0.24822536427733,0.0986672456641874,0.0118768334680222
119,0.0788639873903792,0.064817430371475,0.223714739242254
120,-0.0412733970442478,0.0692593776468386,0.551225307889073
121,-0.00121504479472958,0.0413000501613075,0.976529673787138
122,-0.011028488833153,0.0600255540830993,0.854225354202008
123,0.100843045705518,0.0831314049995201,0.225108428876478
124,0.177345737344669,0.0622041216480606,0.00435780331039687
125,-0.0322193732292927,0.109456385061969,0.768484282807702
126,-0.0513034945390687,0.0647010318265675,0.427817658568978
127,-0.0356088379368307,0.0349432799648359,0.308180744693468
128,0.00985149153846769,0.0543073984042196,0.856051747774555
129,0.0688691607759459,0.0548492525317489,0.209258126113424
130,-0.15783192700425,0.0724925919693899,0.029464562174557
131,-0.120619416580569,0.0492830346120121,0.014385769129583
132,0.0333688539463108,0.0418202185363632,0.42492156285657
133,-0.119840154909949,0.0533156413339357,0.0245922289866865
134,-0.0692204966574451,0.0552001501083202,0.20984524232023
135,-0.0533021191114689,0.0607065342967764,0.379927788888816
136,-0.0569752596471016,0.0496021685947138,0.250702587197301
137,0.0875468544491524,0.0593572685674107,0.140235720128566
138,0.128604771208446,0.0861451071193916,0.135467192037716
139,0.281706823031673,0.0727315791159691,0.000107398205476413
140,-0.174625636823549,0.0929155350328014,0.060189631599506
141,0.00952114152565044,0.049696693523753,0.848067285288087
142,-0.0285332627242344,0.0561886946230455,0.611585576231724
143,-0.0119610745671342,0.0822089523621979,0.884319265672898
144,0.00266069370344161,0.0497058058868888,0.9573105594296
145,-0.0734441297305452,0.0455899852920092,0.107186112541437
146,0.065737486603351,0.083359529451292,0.430344696998099
147,-0.028897707460386,0.0712015520023312,0.684847063723262
148,0.0806403012938558,0.0736007721607168,0.273234260025262
149,-0.0864420183192135,0.0817645641206031,0.290417411658849
150,0.0988594056404276,0.0948300260625425,0.297184306375905
151,0.00739101138810493,0.0582675604792044,0.89906222710381
152,-0.0229776508407423,0.0886254300307316,0.795429226423949
153,-0.0329328715637586,0.0500982657910129,0.510945929134295
154,-0.0892454189307349,0.0449790918685811,0.0472387395027885
155,-0.0413577999679642,0.0579293479442162,0.475267256771916
156,-0.0202456132868906,0.0849555806809699,0.811642045654691
157,0.0776555686350082,0.0564724809818879,0.169099017022881
158,-0.079951680309578,0.0833893508193229,0.337671770851388
159,-0.0273948053252205,0.0557615933294024,0.623225255965644
160,-0.00662218075575483,0.0640201136781329,0.917614508339311
161,0.028943846186585,0.092918182600679,0.755421914669323
162,-0.0168035767063982,0.0531340248123707,0.751813596771426
163,0.0465717356442513,0.070656997247036,0.509816027139167
164,-0.0978220264241897,0.0741070958937267,0.186832045212603
165,-0.199877107375131,0.103292800835677,0.0529837170851555
166,0.0183730413118117,0.0823726192875692,0.823498211842858
167,-0.0204817374056175,0.0519562313874881,0.693424988380378
168,-0.105568291763595,0.117470814227127,0.368824854547309
169,-0.148851553842245,0.0677334948006961,0.0279771750016323
170,-0.175477524969606,0.0895927435061104,0.050158109193227
171,0.0582116694882889,0.0750247927507366,0.437808561583751
172,-0.0586321404860505,0.05696959494421,0.303393673960326
173,0.0104076269840512,0.0678482161323591,0.878086208038021
174,0.0151021666891402,0.0602634961399679,0.802121655273186
175,-0.0946667298061412,0.117374942257099,0.419935757590779
176,-0.0395622077936926,0.0382727097181624,0.301280003903974
177,-0.0629848737391985,0.0859173719440235,0.463505614856329
178,0.0222182796707224,0.0404613774148795,0.58292092813791
179,0.048688869242827,0.100755078799959,0.628925442772189
180,0.110381189089778,0.147324919748066,0.45371474747083
181,-0.0700097502638849,0.0504835247223409,0.165507601654338
182,-0.0020415456132194,0.0484610505821043,0.966397013302032
183,-0.0404919324341269,0.0416134021671112,0.330528315659908
184,0.10924147987385,0.0889479807695367,0.219390591337304
185,-0.0610976902620185,0.0503895811689689,0.225318589651409
186,0.0103432951360428,0.0620344852226689,0.867578879024778
187,0.0986822454653856,0.0437390593070297,0.0240607136493886
188,-0.0822545151043092,0.0721037367834449,0.253961403139729
189,-0.00698579491524113,0.0502554049734836,0.889445532120547
190,-0.0374069654117296,0.0699120822840712,0.592610280631877
191,0.07886127282077,0.0795912904178464,0.321769613019146
192,0.00160803352331132,0.171779655991473,0.992531092369322
193,0.0783658519297188,0.0570575117247979,0.169611338148092
194,0.0875014300614085,0.0538118774201759,0.103936541683168
195,0.0998928407525694,0.0693139246058042,0.149537916457418
196,0.333948736367741,0.141658347260434,0.0184022396749311
197,0.105176603739519,0.0758341045183315,0.16546307207393
198,-0.0987669618232876,0.039505532640357,0.0124165532155272
199,-0.0141227537709407,0.065154975460764,0.82839824153199
200,0.126652579943333,0.0878347743848154,0.149318962243926
201,-0.0966040955101529,0.045198081330497,0.0325695774046749
202,-0.00276060582820549,0.0723792011653111,0.969575364068115
203,-0.12015021328022,0.0848471763729694,0.156752691131337
204,0.0751637769317973,0.108623228331316,0.488957547212095
205,-0.130724748917502,0.129987248959359,0.314572590662791
206,-0.00922054492189999,0.0381751201289517,0.809142172398321
207,-0.157577793565917,0.0613111758844341,0.0101659874038599
208,0.079268194363877,0.0701194320060694,0.258276550549627
209,0.0745708543316422,0.0745181202459958,0.316968159185563
210,0.227077163429451,0.135213030000275,0.0930735359215215
211,0.126775589354593,0.0540941959879799,0.0190982331392377
212,0.0120566935595645,0.0741625843107765,0.870856136198038
213,-0.0320460700937998,0.034159977272196,0.348184065259353
214,-0.0727273024668975,0.0440163302150798,0.098477482723262
215,0.026520156501391,0.0694001779359537,0.702362092270955
216,0.0674875808679114,0.0357350357190479,0.0589514797815639
217,0.00373053752405669,0.0502159342697995,0.940779700959212
218,0.0289756196076492,0.0894691216223797,0.746042760246783
219,-0.0406428009107509,0.0601102005640255,0.498952925306291
220,-0.081498037386737,0.0384363006738081,0.0339773572062293
221,0.140991158094355,0.0346074386191638,4.62098816402015e-05
222,-0.000137505047689552,0.071252207085042,0.998460214904601
223,0.0489319161469642,0.0673118653979982,0.467260630503106
224,0.0977191256612196,0.0514850404588615,0.0576947544454168
225,0.0259917218593459,0.0514934115595688,0.613728676143838
226,0.0322708031158339,0.0866512793178239,0.709579016925929
227,0.0787266282918838,0.0590329601998046,0.182333468956618
228,0.0614462448189852,0.0493038236415638,0.212662544548152
229,0.124016752227376,0.0506529370394001,0.0143507187487612
230,0.212858236435742,0.176654141223395,0.228225163909954
231,0.017218809303713,0.0948275771168064,0.855912197853421
232,-0.1098940975871,0.0636905478666953,0.0844485509678594
233,0.00416970983039018,0.0545849148450187,0.939109288893071
234,0.0906061415037629,0.0544299091100606,0.0959848288706081
235,0.0227133365674876,0.0809306314158368,0.77897739432941
236,0.0800969951056209,0.0760499700044247,0.292242308904302
237,-0.0562086871468396,0.0813179158311171,0.489426390252287
238,-0.0146040856025992,0.0430189294006969,0.734247820639054
239,0.017169237869895,0.0775760585830998,0.824842228689012
240,0.118378223057437,0.179210383943188,0.508898065467071
241,-0.0336434478587123,0.0524232128698663,0.521024977172005
242,0.0269449985123665,0.0503488467840077,0.592534970710987
243,0.147706849028752,0.0945195205377775,0.118120201096441
244,0.0249920639573053,0.059510943486878,0.674516539258268
245,-0.107906092162316,0.0681965321650459,0.113585385843023
246,0.0241055215484984,0.0992208603038751,0.808045587107328
247,0.0779120633391545,0.0868827384105544,0.369852532315941
248,0.00903188317651938,0.0794996889046467,0.909547722468181
249,-0.0716656779011507,0.0668316960694834,0.283571532592712
250,-0.0328628637290874,0.0437828852824059,0.452901258051837
251,-0.0976079231800747,0.0619405741684678,0.115064583968161
252,-0.0784585882530604,0.0663581692502802,0.237066812929482
253,0.0808402109272996,0.100539864182278,0.421361590504604
254,-0.054877305484459,0.0458597513423141,0.231449516013364
255,-0.0632031343333555,0.0789036402634872,0.423121972151063
256,0.0686620916415829,0.0583908936338971,0.239633197474895
257,-0.0733364478023208,0.0402702663646331,0.0685906544390135
258,-0.0459994059019554,0.0634283461751839,0.468318035472238
259,-0.0262197680500994,0.057321296957124,0.647370941883704
260,0.0965010941074144,0.102217169596933,0.345129225472427
261,0.375780333693689,0.116331929424844,0.00123685295199286
262,0.0172674320414362,0.0578857045186494,0.765472538052709
263,-0.105715965880754,0.0582023651465434,0.0693164366347164
264,0.0899216271940361,0.0738164360042736,0.223155983814522
265,-0.0499740240405125,0.0763065829369774,0.512525028001192
266,0.0128595611832009,0.0242724050405608,0.596249434156393
267,-0.0349866742361652,0.0729118485246466,0.631334800581041
268,0.0456059289570918,0.0760163048874643,0.548540024539286
269,0.0099984326049448,0.057767116222261,0.862587182944323
270,-0.0724278799752058,0.0960541619494815,0.450830206277955
271,0.0723321939981024,0.0488733200025749,0.138874991867981
272,-0.033784630087426,0.0537762704396495,0.52984397834137
273,-0.0498553052242202,0.0969834911400339,0.607210245799481
274,0.0315003500831993,0.0581537129874728,0.588043154234905
275,0.257069632937873,0.087877670690296,0.00344110670286908
276,0.0108356358414552,0.0463574980124365,0.815186258552977
277,-0.099735781635462,0.0474775847803678,0.03566801369304
278,-0.102355483136346,0.037515668303431,0.00636540403921233
279,0.00849007879992958,0.0405305788442962,0.834078686057462
280,0.089482459308648,0.0421847102842509,0.0339044730759242
281,0.0184358882785809,0.0750205804786582,0.805880091993543
282,-0.124979657543128,0.0632096411955595,0.0480162480963336
283,0.0389965957648948,0.071939489911317,0.587766871084334
284,-0.149314358180001,0.0955991415955957,0.118316332575442
285,-0.0973327536444162,0.035422442689034,0.00600019372061175
286,0.114954798715909,0.0483945646724859,0.0175315614247744
287,0.078681324613283,0.0719573344982935,0.274198849171989
288,-0.0137112713222529,0.04959006882638,0.782169986336881
289,0.104524286890722,0.0420289437570512,0.0128840014286551
290,-0.0206611008905532,0.108781248064224,0.849361977905283
291,-0.15165232493341,0.0629238845029803,0.0159485161576692
292,0.0284681085773274,0.0671880687506253,0.671778928357706
293,0.0525869411567061,0.0450264853865989,0.24284254491217
294,0.112163626374002,0.0720179277085054,0.119365972976946
295,-0.014677235370014,0.0728509790135112,0.840331636334991
296,0.135833953226521,0.105134398313658,0.19635612146983
297,-0.106252597470712,0.0602930656470343,0.078023867421412
298,-0.0690395465479344,0.0457036136766767,0.130892247403333
299,0.138107345077688,0.0448276836428511,0.00206410976773852
300,-0.10158587234571,0.0421325278279744,0.0159043478085121
301,0.108139660821751,0.0386729859122963,0.00516980515898253
302,-0.14372755607902,0.0495341929319902,0.00371282792244053
303,0.0901893360780231,0.0817848916820948,0.270130187124419
304,0.0893201073739187,0.0731848425365008,0.222285706554161
305,0.0995427990313193,0.0606196792064007,0.100571934863948
306,-0.157980917801901,0.0648741646295923,0.0148839714817891
307,-0.0597082231000144,0.0736441940848972,0.417499950573932
308,-0.0383490255365627,0.0574949135847752,0.504773042471666
309,-0.0774073959722664,0.0578862806600279,0.181146868184881
310,0.00408062342777995,0.0395741968420568,0.917873101629325
311,0.00646410078171392,0.0514094319890048,0.899939603894898
312,-0.0647248838370937,0.112394443049125,0.564701274854131
313,0.0621543247780433,0.0629037598330934,0.323110528974865
314,0.10573461299795,0.0699408989477536,0.130592164759022
315,0.158879049506722,0.0466934304148001,0.000667480116974541
316,-0.243883685672919,0.0464349392870666,1.50326578651259e-07
317,0.0927932258783198,0.0874672952090495,0.288739649804244
318,0.0420298635588468,0.0364845842432021,0.249325325012314
319,0.0797570369805419,0.0795487769939997,0.316045199778999
320,0.098831106593731,0.0504846418449633,0.0502714507543613
321,0.097092114365145,0.0534018908657285,0.0690427362322642
322,0.319046118783579,0.12792986587378,0.0126343053392848
323,-0.0285499202927963,0.0319321098550433,0.371278092184094
324,-0.0308281920829906,0.0716077586274373,0.666821282357959
325,-0.127882475058514,0.0746212911753158,0.0865740654704617
326,-0.00251926000475157,0.0465040488317096,0.956797397626527
327,0.0810187764977374,0.0760324101885167,0.286612587358295
328,0.0920950436635238,0.0593592399360706,0.120785203620774
329,0.0956853539084493,0.0914191600189481,0.295253512062395
330,0.0413109375405144,0.100143641518439,0.679960647581261
331,0.015411127648065,0.0615059588519677,0.802151864272081
332,-0.0215768567569017,0.0537180044750987,0.687927647108222
333,0.0656513621213382,0.0461906407739315,0.155225761277905
334,0.0950418011459223,0.0470276145286791,0.0432819835597536
335,-0.115986657229279,0.0585502835954122,0.0475940596645166
336,0.134821241233074,0.0670687858106079,0.0444107068790273
337,-0.120548906598441,0.12313876575828,0.32759580965368
338,0.0277866443812292,0.0849541688223992,0.743608848651208
339,0.109167459045325,0.0958739008259703,0.25484637150223
340,0.0560632994715754,0.063623149176051,0.378221653874461
341,-0.0989105877804168,0.0463617711743572,0.0328877105851167
342,-0.0553595517682247,0.0296282792063394,0.0616965836201365
343,-0.0363298519154518,0.0531828014559945,0.494535573727651
344,-0.0162529962538011,0.034629466053015,0.638826573279599
345,-0.0720599041814192,0.029609356129093,0.0149459142656038
346,0.046444177763907,0.0417254600758074,0.265669928240304
347,-0.0838897889213598,0.0526493929078579,0.111077953697494
348,-0.013008787881705,0.0920958432991544,0.88767030316257
349,0.0857198330977182,0.0600209024182729,0.153243983753356
350,0.0469722203712667,0.0484592832374947,0.332388971337205
351,0.136687874834482,0.06258303966688,0.0289545979535832
352,0.117545328920755,0.0911083856586862,0.196991552193226
353,0.0255279023529031,0.0674346337458027,0.705016311152844
354,0.0473153742468952,0.0643638411964054,0.462264264304933
355,0.0401100077997258,0.054574344677362,0.462363325915555
356,0.048751758022115,0.149740716454614,0.744746312302126
357,-0.067578121155089,0.0507824282697358,0.183275143248065
358,0.296284423089928,0.120072882123984,0.0136045705688389
359,0.0734800880887093,0.0575403040101137,0.201595376245271
360,0.0195844085685726,0.0536464080118189,0.715063128187791
361,0.0334893833305538,0.0600992037724307,0.577366839414294
362,-0.0278658977171952,0.0690128752786978,0.686375794960178
363,-0.0256381542211975,0.0527070046473946,0.626663858491982
364,0.0618205467946472,0.0867004711559063,0.475823554596504
365,0.0683629709353167,0.0550218003463625,0.214062970277102
366,0.0617211816618851,0.0632384309115605,0.329060757066146
367,0.0435233644957248,0.0982049894675299,0.657629083100989
368,0.167863063534172,0.0625465070823366,0.00727880333575347
369,0.00852508352469654,0.0584131747433837,0.883965175476346
370,-0.0505846410337152,0.0577521065245705,0.38108843885463
371,-0.0368160388029733,0.0740653939260478,0.61913632421453
372,-0.0879787874951519,0.0490725659451043,0.0730000487377321
373,0.0240556888891281,0.0486694225674193,0.621117636209636
374,-0.0625371230133464,0.0596076647625773,0.294111082215911
375,0.0677840085587025,0.0648989576915213,0.29627515873092
376,0.0378027120185731,0.0777093518425633,0.626639045642504
377,0.00656393391533271,0.0817545100695971,0.936007931468316
378,0.0244857324579037,0.0818830452215529,0.76491486844137
379,0.0163974682753981,0.05761823260156,0.775959663634054
380,0.100641637137191,0.0533068916518067,0.0590304189999631
381,-0.159811757576628,0.0427219857534223,0.00018348067426888
382,-0.0379610471632793,0.0857225472820249,0.657884216767501
383,-0.106503679859541,0.0547332512376081,0.0516706026815879
384,0.0395211291111119,0.0693904815285191,0.568985096541091
385,0.195528933108711,0.1197646574796,0.102551124622362
386,-0.0817231009846544,0.0594134676793481,0.168977131315958
387,-0.0211616446049649,0.069492694839482,0.760734726652859
388,0.0310488861669208,0.0526139086919284,0.555105533106245
389,0.0514112966466464,0.0536586906863632,0.338003830733102
390,0.00552851212402228,0.0576838725011884,0.923646411960921
391,-0.0116561480340297,0.0516341756237028,0.821399891117537
392,0.172253627525411,0.107957977516525,0.110586656568167
393,-0.0223895673633807,0.0548769711728291,0.683276843904605
394,-0.0787835623548879,0.0596080176517958,0.186270050260844
395,-0.0481851225644037,0.0691628479317626,0.485996293038412
396,-0.031862810260379,0.0534625120444379,0.551185809504093
397,0.0373009368896421,0.0668001551161645,0.576574029458713
398,0.0324870719697798,0.0608494128507123,0.593415606369307
399,0.0215117595527986,0.0414051699079883,0.603382246833436
400,0.158386212653733,0.174973782652722,0.365359609599703
401,-0.0904898174300699,0.0990055824560975,0.360723665319431
402,-0.0342566989581163,0.0757062970558115,0.650912631067036
403,0.0203798951531827,0.0552849255984798,0.712400658698092
404,0.186472057225714,0.0629371567877492,0.00304825482431275
405,0.0652830433619653,0.0662971177928301,0.324769440802669
406,-0.0863024775331888,0.142399591080229,0.544475930916209
407,-0.114240628465073,0.12146592596212,0.346953023975857
408,0.024428057432936,0.0531055730981168,0.645523062263352
409,-0.147405966056355,0.0656024420761194,0.0246426782741822
410,0.0693751951860825,0.0596593594351917,0.24488826447701
411,-0.0133104195649652,0.0897028136185992,0.882040102359899
412,-0.0933329373808225,0.0450033338847975,0.0380875190542488
413,-0.0101498386737644,0.0475410397568915,0.830939832321246
414,-0.0835788255161461,0.0607176730901456,0.168662054274995
415,0.0299739091910845,0.0561308190080435,0.593340895085782
416,-0.0751600195908608,0.100514789965253,0.454610453540883
417,-0.00420000314685816,0.0578709854367619,0.942144096129642
418,0.0684020617537136,0.104684457605831,0.513490822010855
419,0.0955294034469644,0.0617949845915286,0.122126622451465
420,0.0594459436117589,0.0740137643038669,0.421874073591205
421,0.350584241923247,0.112726395071632,0.00187058390807977
422,0.0811101508435454,0.0670281705150959,0.226244176854376
423,0.02958968789876,0.0579176414770955,0.609426342219923
424,0.0323652798594361,0.0934819945361759,0.729177837778001
425,-0.0990661107994745,0.0536135301433327,0.0646338997973199
426,-0.0445218303932279,0.0672534484807072,0.507970769057042
427,0.120396064934748,0.109788959031851,0.27281034246236
428,0.043106731994111,0.0600114730576287,0.472567287554438
429,-0.150279633537494,0.0856305535182056,0.0792632786943389
430,-0.0144541903731933,0.068802774724674,0.833604061262317
431,-0.125676649761624,0.0722091419861972,0.0817794283940338
432,0.0846315152103161,0.136214073333933,0.53439398841384
433,-0.00164948917897163,0.0697674147003318,0.981137622006904
434,0.0864326124959031,0.0909236879298147,0.341804370250339
435,0.0176260172487857,0.060187457326053,0.769635279537767
436,0.0213861429559555,0.0858945459550103,0.803375181232611
437,0.127246147981538,0.0839601970658162,0.129632360542603
438,0.00279103021278509,0.0985139768300339,0.977397907262472
439,0.071272705337967,0.057957204940364,0.218791819129603
440,0.0611378341125371,0.0700549654883486,0.382819880174645
441,0.0161169383797961,0.0847331324694375,0.849145969361333
442,0.0634827308355365,0.0477768944614302,0.183936111355859
443,0.0481580284948332,0.0802147943126808,0.548264058890385
444,0.0387576721747073,0.0673728455382564,0.565107750770689
445,-0.104166242751183,0.0583842652749591,0.0743994172598053
446,-0.187408999065525,0.0550183319601963,0.000658495365628011
447,0.0279454979073897,0.0826693706659995,0.735333556437934
448,-0.193405558822395,0.107389672262599,0.0717076368054882
449,0.0204762169906917,0.0793038333335917,0.796252876878244
450,0.0245433796888406,0.0334559168068091,0.463190390305736
451,-0.0595859847414513,0.0484638585586542,0.218886944297482
452,0.0413798688584191,0.0648414080997833,0.523362748024374
453,-0.0428346727562977,0.0539890030029266,0.42754699238956
454,0.0639651373912976,0.053722840100482,0.233790737674118
455,-0.218776300354788,0.0884919681449112,0.0134256960898179
456,0.0115206400212263,0.122609397496483,0.925139240293392
457,0.0830919854745529,0.0554486488590498,0.13399316170727
458,-0.0446347344231557,0.0730310346269201,0.541083806129968
459,0.411308602912276,0.0820317666017587,5.33055082817917e-07
460,0.00861251532356118,0.0838902594472775,0.918229592272382
461,0.0506794719398302,0.0915482830825489,0.579865020148213
462,-0.110772806801547,0.106670810047187,0.299058402691147
463,0.027731731725699,0.0254854598967039,0.276533595174757
464,0.112427215568256,0.0695311876525851,0.105892918886978
465,0.136685426822874,0.0557114424833809,0.0141491879078515
466,-0.0310517482077528,0.0321790997078974,0.334561669272347
467,0.0593607921101258,0.054874167031907,0.279358267931795
468,0.00931948999715513,0.0718671017168621,0.89682220209434
469,0.0342128676559292,0.0976837388422942,0.726157706683718
470,-0.112866276194544,0.0555592389433117,0.0422085271800489
471,0.0616146613371923,0.0569507305644912,0.279299571601105
472,-0.0321727567018242,0.0560211194446702,0.565766888834596
473,0.125519475253534,0.0496297955510506,0.0114350455050332
474,-0.092671546647181,0.0810441891048271,0.252843771180848
475,-0.137467184245997,0.0722733208137747,0.0571651348082267
476,0.0505754697259958,0.0610390970637411,0.407344940449726
477,-0.00597454907171012,0.0820045280263364,0.941920444026705
478,0.0903841074910955,0.0707005819585395,0.201106013927105
479,-0.0214869915502343,0.0512803022077065,0.675208366254436
480,-0.0686432206065886,0.0464644617924514,0.139587907755951
481,0.00524543001334605,0.0552253263048608,0.924328864293324
482,0.0610130026328746,0.0797445347550817,0.444208572006662
483,-0.0994690096157794,0.0788508285939545,0.207134744964934
484,0.114166304866226,0.100425121121681,0.255609299450886
485,-0.0258734732841494,0.0454015860247596,0.568758830154075
486,-0.02785929684736,0.0453350447716822,0.538871686203966
487,-0.102051965424653,0.0409712102994874,0.0127448184543524
488,0.143032035483099,0.10672463385236,0.180181302523963
489,-0.116415845296429,0.0357473001267349,0.00112742009233571
490,0.0163672885504436,0.0483294292745634,0.734865190703664
491,0.00437052754527869,0.0417859932622941,0.916698671591496
492,0.136904866160894,0.111299885688353,0.21867689563599
493,0.0347995822440901,0.0631716180870609,0.581720265621732
494,0.0927895174286189,0.0771594365958022,0.229143295820807
495,-0.0893908977698215,0.0636671905342982,0.160308736619123
496,0.0419427431675009,0.0613840686056055,0.494427492664745
497,0.0916309394434501,0.0388392777846816,0.0183127109509275
498,0.0604170968292866,0.0440747292008279,0.170441145212411
499,-0.1064070855323,0.0868163967648685,0.220327946724021
500,-0.225281377089026,0.106236095627928,0.0339577672822471
501,-0.0535626388180536,0.0582930997777096,0.3581738194475
502,-0.0394293110119255,0.0567317367101043,0.487046972521424
503,-0.0283444717085578,0.0430062416887119,0.509845623212418
504,-0.0281005468555157,0.0564175218885642,0.618426312982992
505,0.37095065354516,0.0787846207268104,2.49650995862023e-06
506,-0.055979747640503,0.0640146206103042,0.381854847611098
507,-0.0521579780210417,0.0391604066693248,0.182891100869061
508,-0.0353226032734529,0.0674876926442822,0.600700615506859
509,0.0312774036751587,0.0618613333562819,0.613133922905228
510,0.0520614291999102,0.0769719304787792,0.498806381392902
511,0.374912122023589,0.102653711762788,0.000260000930972006
512,0.00704228091345755,0.0487038006534083,0.885031377011164
513,0.0400012905163684,0.0368427301215039,0.277598065813802
514,0.0464953332676918,0.0482289654322563,0.33501878863949
515,-0.00173664941747599,0.0688205428710166,0.979867948495741
516,0.0490883661859741,0.0640275093401084,0.443274070262417
517,0.0285600920672471,0.0374930570581934,0.446213114523235
518,-0.0613344124245017,0.0428728455115441,0.152541411829579
519,-0.0134553488935771,0.0356299881962885,0.705697208349435
520,-0.0771777519805579,0.0508479360103868,0.129061082347067
521,0.0284309985793147,0.0554083525565747,0.60786908994396
522,0.156362580220942,0.0630958516746613,0.0132056251653998
523,-0.0167851882516067,0.0777018832817073,0.828971882739036
524,-0.0409220992437248,0.0737886400159437,0.579178307248288
525,0.111815138425618,0.0542607025625407,0.039331478487718
526,0.0584455818506023,0.08915663482453,0.512121286047073
527,-0.10219638948719,0.147892764486608,0.489554963830124
528,-0.216927874496635,0.104246535505372,0.0374419547147711
529,0.0333909795766919,0.0393917764218199,0.396625278976385
530,0.063133323133282,0.0832940356435172,0.448476540084351
531,0.0471122389683175,0.0715114301148754,0.510019637777512
532,0.12984092385218,0.0488618800827557,0.00787681177133696
533,0.0807608091436418,0.0551275913843282,0.142926422369399
534,-0.0756937100369255,0.0482594171441394,0.116770219727578
535,0.051252019993237,0.0315639439779615,0.104428728952598
536,-0.175890245080701,0.0616101109337073,0.00430513951676376
537,-0.113467606117691,0.061593529561247,0.0654458863045532
538,-0.00370829634974523,0.0680993668163793,0.956573299750441
539,0.0971296616834667,0.0911770328375651,0.286746302551869
540,-0.00312582031882858,0.0617554294276821,0.959631416197527
541,0.0870762608311038,0.0732542023142158,0.234563165246221
542,0.0271477688957561,0.0728123081078215,0.709263155637884
543,-0.0574877185019951,0.0592665084490702,0.332053175865121
544,-0.055534749599662,0.0617525554741592,0.368487054132831
545,-0.0303228233527533,0.0618908552799889,0.624176154372755
546,-0.0962877757141105,0.0567099786282863,0.0895269601571622
547,-0.102058262323037,0.0510399737990079,0.0455461615100728
548,-0.107161390472769,0.0650636529231122,0.0995531363162128
549,0.0936902480453417,0.0677214891934335,0.16652261252041
550,-0.0451677901828752,0.0519292138133016,0.384412237542556
551,0.0263267439449514,0.0412873055131702,0.523703218270694
552,-0.0579737253266238,0.0380739184391585,0.127843180957628
553,0.0119690131715219,0.0582750970133286,0.837268893881462
554,-0.00976992821537958,0.0358849640058691,0.785424511693718
555,0.155864512398995,0.075948465233792,0.0401463002386413
556,0.041152083651663,0.0387904559523972,0.288743680909724
557,0.228939312798537,0.160271428895458,0.1531631118857
558,-0.0132365579422199,0.0500574929012556,0.791450827645762
559,0.00544508396787398,0.0635798348035804,0.93175126304249
560,0.064619951179918,0.0323864068508924,0.0460123455291114
561,0.137521718673271,0.0722605323518548,0.0570226243139917
562,0.143408376180951,0.0762347068444407,0.0599524849908631
563,-0.0768245118733284,0.055726875723147,0.168021211074025
564,-0.0105500694806672,0.0456072053870295,0.817062620896992
565,0.115801779067968,0.0662597933313541,0.0805171961443309
566,-0.155485646034199,0.0799132760883288,0.0516932160936464
567,0.00811847923858051,0.0804248184707704,0.919594160783922
568,0.0194278490480342,0.0574171092018247,0.735089341804738
569,0.0262438346711143,0.0909027096984056,0.77280909045593
570,0.0343518557176658,0.0822799540851997,0.676312947505219
571,-0.00848417607371671,0.0406721637457859,0.834761226243847
572,-0.0744696552912933,0.0581052901446397,0.199971430546678
573,-0.00221000911916132,0.0374600342497366,0.952954933944292
574,0.077784240490933,0.0605097799429397,0.198623859237405
575,0.0672389594142132,0.0450501896891063,0.135559096941749
576,0.0573740117546366,0.0649360537212269,0.376941163749891
577,0.072600430989293,0.0776891634353492,0.350046648151849
578,0.0246011451584988,0.050112688129698,0.623485510739846
579,0.0247535821569618,0.0852696687200321,0.771588557041785
580,-0.029486401185886,0.0584120346200709,0.613699242348102
581,-0.00917429713873868,0.13527866770824,0.945930700467157
582,-0.0429345332469577,0.079461824008886,0.588978793310653
583,-0.0141884929167288,0.0379975050060247,0.708846361892702
584,0.0943040978067732,0.122197945223963,0.440273013082979
585,0.0897898800843584,0.101094800805115,0.374446595695269
586,-0.0630834272096211,0.0777328350844849,0.417054729119966
587,-0.0465612877149201,0.0544789678409886,0.392736421926236
588,-0.117581214269022,0.0990322864785834,0.235108589305095
589,0.0201878035197396,0.04712816513631,0.668389309193821
590,-0.00579972690980746,0.0732501059073852,0.936891802935131
591,-0.147198112114328,0.086619354693327,0.0892499705391311
592,-0.0448057661131117,0.0769664273027987,0.560467744954802
593,0.0214947036437083,0.0519826294174083,0.679241923492601
594,-0.0339927881004129,0.0686400464770345,0.620435947229732
595,-0.0168538988848538,0.0809759387163491,0.83512383061303
596,0.033289043703035,0.0697284541215764,0.633070374206713
597,0.0607503829359546,0.0655971834175528,0.354387428182715
598,0.00829173114117492,0.07466421565668,0.91157383014185
599,0.0134470350114123,0.0617540405600469,0.827622734512019
600,-0.0826138616390535,0.0728476388303936,0.256767835743366
601,-0.0873753526941216,0.0314642743763544,0.00548682071993252
602,0.0128055589923809,0.0854280472393316,0.880844484111749
603,0.084176166724733,0.050512239030418,0.0956236378720518
604,0.0980663333529186,0.0559638215441752,0.079719383624695
605,-0.0776360636567847,0.0498727242254663,0.119545568210752
606,-0.00470031746121372,0.0666535841662956,0.943780896495004
607,0.00187223126037591,0.0546099356796325,0.97265091385915
608,0.137911450541902,0.11021656910401,0.210833458288963
609,-0.0254491216798033,0.0940982022972618,0.786811929360505
610,-0.110763047061704,0.0995415369973378,0.265823575771121
611,-0.119535714829397,0.0536425821671422,0.0258556109455838
612,-0.017363622625028,0.0607595630114143,0.775049719520504
613,0.032818417201052,0.0788007020449132,0.677063433903363
614,-0.0992064065889949,0.0580780740793656,0.0876074134676803
615,0.0374612037563489,0.0532620533195452,0.481845395477801
616,0.0896682930271875,0.037961181576769,0.0181714995248186
617,-0.048122830471603,0.066493702901491,0.469237579935199
618,-0.0966668328623788,0.0543421412525509,0.0752634070293184
619,0.00237307331559808,0.0799158442625076,0.97631057582161
620,-0.200392314291425,0.0613250484647537,0.00108422396314313
621,0.0259178303251133,0.0362990784771995,0.47522226839033
622,0.0440579066039024,0.0292442000232321,0.131925541334711
623,0.130632794768059,0.075665280513096,0.0842653676395914
624,0.0449518396272272,0.0485267737952948,0.354274153823082
625,-0.0176778806056248,0.0575023374339672,0.758516930103547
626,-0.0876291212070557,0.0362335442636755,0.0155866620926533
627,0.115260150090201,0.0456889672415402,0.0116453411760748
628,0.006194895053462,0.0563730764239455,0.912495801814009
629,0.162205438914859,0.084076132223543,0.053697530163164
630,0.0262512006738451,0.0616459627062666,0.6702258100153
631,-0.0610782895465723,0.0660679067073913,0.355237789752434
632,0.103330551078814,0.0694958908718249,0.137052205883834
633,-0.121507286145917,0.0784529805751952,0.121431921000388
634,0.137286919101596,0.0907240760985973,0.1302197757975
635,-0.023016304779865,0.0887805728399329,0.795442865369071
636,0.257425823615241,0.116202172731529,0.0267376202911106
637,0.0690145139874717,0.0849012403950109,0.416286904938696
638,-0.150787327676617,0.0593466074126576,0.0110602002908409
639,-0.110985407238667,0.0857322656151406,0.195472680788814
640,-0.0571414628869213,0.058945324562413,0.332346792429112
641,0.0903102931353591,0.0748421590397876,0.227556656866286
642,0.0175008200656271,0.0381933136074359,0.64679665131996
643,0.0253773722033034,0.0582302603970281,0.662974059255296
644,0.0243076191703154,0.047125528151002,0.605990074641187
645,0.119875568798586,0.0471260087172715,0.0109677646034546
646,0.028507674249195,0.0383579232698556,0.457359566929569
647,-0.107160165583041,0.0621843826792656,0.0848406274827673
648,0.154944509394023,0.0752515431111469,0.0394922244602206
649,0.0107317269798309,0.0470567058576593,0.819600014981503
650,-0.0197729274748263,0.0345656391979425,0.567294891112659
651,-0.0189218585903951,0.0357292487625121,0.596396117824633
652,0.148667723227303,0.0793192683904955,0.060889750114666
653,-0.0876585762984954,0.0756176791022174,0.246360860863471
654,0.0291524113516931,0.0599417233089645,0.626721941128323
655,0.120827848490571,0.0652107007563347,0.0638990211128691
656,-0.113885635025579,0.0452593814579623,0.011859825163395
657,0.0298138839091634,0.0627659849378302,0.634786506967058
658,0.126439930892337,0.0659984112952854,0.0553902210170078
659,0.00138323059949613,0.0755894491545735,0.9854001218539
660,0.116059871901915,0.107188153093969,0.278911537836107
661,-0.0511976150571259,0.0957757049122731,0.592955924310593
662,-0.0166260659905744,0.0796722433072796,0.834697444045473
663,0.00708280048926085,0.0528249805575618,0.893338908911686
664,-0.0484195319667661,0.0535019029624417,0.365462319709173
665,0.0306911261952318,0.0516768490517612,0.552575820839643
666,0.0698104755642307,0.0648611466284883,0.281790189852878
667,-0.0985850090794809,0.0435186059873924,0.0234910198033229
668,0.0383954456932607,0.0436602605977264,0.379176828086412
669,-0.0651217154919991,0.0653537611180025,0.319031845007102
670,0.321115369467127,0.110561088088499,0.00367939173045939
671,0.0445794195576091,0.0445810756349387,0.317328485431581
672,-0.0936915230754503,0.0831286529601522,0.259714349895231
673,-0.142559014272215,0.079974562474369,0.0746588560372028
674,-0.0159602103810976,0.0950471377019359,0.866647084757726
675,-0.0736143529315376,0.0443955069980322,0.0972874530058396
676,0.0544126624331908,0.0887159425383048,0.539654335112866
677,-0.128020517588049,0.0541605587627373,0.0180923712500757
678,0.0584324655977282,0.0488156166898815,0.231305178055509
679,0.235578962659154,0.127695192118375,0.0650588062520436
680,0.0447760814428999,0.117676856878039,0.703574060665062
681,-0.0587325257444931,0.0734057467888593,0.423648222605708
682,-0.0390966070574274,0.0442524882051388,0.376971872952679
683,0.137581218518542,0.0687803616009835,0.0454680967998615
684,-0.0444765383668595,0.0768715127386355,0.562870684346851
685,-0.0170478528158618,0.0579190165476498,0.768498512631037
686,-0.178583516097428,0.0745697078294056,0.0166270130597445
687,0.00286113015852393,0.0377679259193611,0.939613577082393
688,-0.0953198730020578,0.079533922832646,0.230729924872902
689,-0.146249352544393,0.0846507800148819,0.0840458380622801
690,0.0485925897951425,0.0628760031574431,0.439621788796192
691,0.0220714444241498,0.0546577305005551,0.686351012484869
692,0.0297623930450871,0.0488560841792093,0.54240182973779
693,0.0614994963280541,0.0491634734025205,0.210964228953618
694,-0.115355089730408,0.0605223571159908,0.0566513266739283
695,0.119956307983042,0.0806391340345909,0.136864489118053
696,-0.093561607189523,0.051681862097184,0.0702434825719661
697,0.130504457630022,0.0519945829962324,0.0120743956210476
698,0.0586978560638641,0.0370730854643822,0.113352858062891
699,0.111131365964102,0.0701701273753216,0.113252481492277
700,0.12687309654099,0.100269279205305,0.205755309918848
701,-0.0199937358378442,0.0749557495413575,0.789668951061837
702,-0.0513109557260679,0.100748448974818,0.610543553263779
703,-0.0378053804522194,0.0861083570346181,0.660629461671412
704,-0.197309587697089,0.0735974037270612,0.00734175734187769
705,-0.0451517950100405,0.0863885442312798,0.601211213235017
706,-0.306375509187091,0.116438268075377,0.00850772009795183
707,-0.0278305492181476,0.0378264933923211,0.461887574460612
708,-0.0341161966172168,0.0892526031552168,0.702281014694478
709,-0.0538294185844144,0.0305881239803853,0.0784392943700123
710,0.0846092300953371,0.0721555563682976,0.24095833620412
711,-0.0738847517374852,0.0533971343168627,0.166455284547817
712,0.0753330935252344,0.0613543879641024,0.219508739106189
713,0.0363339366182752,0.0620033790277578,0.557875986217415
714,0.194497342483431,0.103733925211384,0.0607977199003804
715,-0.0752046371494398,0.0732153294030453,0.30434011797007
716,0.0677728667023796,0.0895922248512114,0.449373899054551
717,-0.141501172673089,0.0422449911188441,0.000809466616472216
718,0.0784014953053428,0.0494076685903309,0.112551498225358
719,-0.0593646404942117,0.0331986650393084,0.0737496359810387
720,-0.0141504376458397,0.053884387684349,0.792853214489875
721,-0.117210307346669,0.0448669971586762,0.00899103746069176
722,0.00190595670839122,0.0364752648413239,0.958326781684675
723,0.0841246693413876,0.0839990248218125,0.316587176661136
724,-0.023501825648599,0.0538858590260129,0.662734523060104
725,0.00541587645869986,0.0824416236124744,0.94762187010283
726,-0.119320691291622,0.0938112388899449,0.203400407419196
727,-0.0288879309958138,0.0415372629632387,0.486760643814882
728,-0.109328121822862,0.0294621737842787,0.00020660841123466
729,-0.0741384391151405,0.114925645168476,0.518862917161955
730,0.0724859582574063,0.0670874382525794,0.27993297981653
731,-0.00353148678243625,0.0953381383151224,0.970451756209301
732,-0.00955694124848196,0.0677906057669287,0.887887820638233
733,-0.00844226456321412,0.0761100944172388,0.911678401172626
734,-0.0623565156475677,0.077358632133216,0.420202167541037
735,-0.143266213968526,0.0899150472628259,0.11108151270544
736,0.280267023671451,0.115289291107996,0.0150576626280215
737,-0.0250310492303223,0.0484933102655209,0.605731976172296
738,-0.0400698773721428,0.0562772205920827,0.476459314946657
739,-0.00667143617789296,0.0686472779266443,0.922580052862697
740,-0.0489301165609859,0.0634420424841816,0.440554640547242
741,0.0764968099040084,0.0475564373217433,0.107715222718397
742,0.035953498618155,0.0723109035425145,0.619042976434096
743,-0.00805909450764456,0.0763340952127995,0.915918288645966
744,0.0390326412365775,0.0335828081573994,0.245121566831539
745,0.111272609052949,0.0755474706116337,0.140782501442048
746,-0.0475904952433085,0.0459900744965714,0.300762666695825
747,0.0303531593706237,0.0487181964489607,0.533261281423614
748,0.108854406940456,0.0866227847573783,0.208880884010936
749,-0.0113587945268809,0.0855680561415119,0.894394471405152
750,0.0627697605605434,0.144049078622803,0.663016237679929
751,0.0210558981084976,0.0573932648445425,0.713715586650786
752,0.0813610728056214,0.0470902597784732,0.0840297167584842
753,0.0794044974139494,0.0428321644846184,0.0637603245699425
754,-0.0302992591984921,0.0559091883835805,0.587861889784272
755,0.00714369076204343,0.069837577177568,0.918526435775661
756,0.039031829683101,0.0691353329450542,0.572365342806428
757,0.0468068583682114,0.0708226935670691,0.508675176563819
758,0.0321789836983358,0.0606211457722562,0.59554275221949
759,0.0540622754736569,0.0793353421821866,0.49559312073437
760,0.0254473775705045,0.0628230573569971,0.68543024936152
761,0.0406375068541693,0.0686545680684156,0.553909087016953
762,0.0212062473108552,0.0640221967787244,0.740468695894852
763,-0.235336479737108,0.0935563362736084,0.0118879840302306
764,-0.190614255519034,0.108614455979231,0.0792657879624723
765,0.0841829007625031,0.0549648218349859,0.125626654880553
766,0.00533439759009334,0.0416739706460509,0.898146516777322
767,0.00512376049136595,0.057260080508831,0.928698664264205
768,-0.178740201617423,0.0540180469294617,0.000936639896886083
769,-0.136831291892679,0.048706163996049,0.00496459835945025
770,0.0841160356735064,0.0560239068268345,0.133244096756726
771,-0.0231192107361633,0.103319989890622,0.822941572264591
772,0.05010610115952,0.060086582227156,0.404338272900491
773,-0.212222188113811,0.0647445692525989,0.00104605532650287
774,0.317889566228373,0.144837818091995,0.028178183804683
775,0.05188223266057,0.0506319954873021,0.30550824124206
776,0.0852361266134494,0.0911631878968242,0.349796519459955
777,0.178211309878738,0.0742053601853028,0.0163237170440905
778,-0.0193030755170839,0.043335315076914,0.656005266015791
779,-0.0646995466792914,0.048688201999368,0.183895907369462
780,-0.0137994332412905,0.0779181944576286,0.859428622132835
781,-0.102433575769709,0.11212868915532,0.360960795146133
782,0.0827008857493746,0.0513000979277805,0.106940189743908
783,0.150667153561248,0.0572592133897528,0.00850546075491979
784,-0.010232601648908,0.0547711536192557,0.851798118649663
785,0.0593838534776585,0.0847178172469316,0.483327593103765
786,-0.0837303830972737,0.0757055771420945,0.268726434883709
787,-0.161486148806793,0.0756381683799644,0.0327624579858864
788,0.0919883877154736,0.0581477412201495,0.113654827051893
789,-0.0205154062392104,0.0428648913974746,0.63221874945488
790,0.0901817050599287,0.0988070918033137,0.361397828885037
791,-0.0744438621668361,0.0442973134954946,0.0928503021249273
792,0.0566976248382627,0.0714259156597333,0.42731404930976
793,0.0171632837447796,0.0683682084781496,0.801781728382832
794,-0.00323440157537542,0.0413193740887755,0.937606847707774
795,-0.0586050765679106,0.04948515968233,0.236295912507953
796,0.193608404833094,0.0578996085322504,0.000826202894196562
797,0.0363430994457285,0.056396350240265,0.519301240255451
798,0.0717117463286795,0.0696164940443473,0.302964441940924
799,-0.0408143332267043,0.0624675365830495,0.513518611754149
800,-0.113558137964222,0.0577465459012258,0.0492417707169398
801,-0.0041096887817835,0.0618030992765561,0.946982557140447
802,-0.0935525160266879,0.0467841749515733,0.0455368222272731
803,-0.0687489830211125,0.0505628539578892,0.173933202441556
804,-0.0624981471838103,0.0630491595313842,0.321558350599805
805,-0.0355022115795768,0.0636200488079087,0.576820509790576
806,-0.0195253217718846,0.0632432892920532,0.757524261947466
807,-0.0422928621527225,0.0349858830551516,0.226718529671496
808,0.128091518524917,0.0751902450663378,0.0884622638413225
809,0.0329161535763543,0.0587849976869584,0.575519412720206
810,-0.0255186959853621,0.0629817964334331,0.685348336085307
811,0.102043760564124,0.0837749357556372,0.223197261628505
812,0.088703301033803,0.0564148372456783,0.115871738204043
813,-0.140806742013912,0.0569809297040203,0.0134690434829894
814,0.0690432914109731,0.0469983515411087,0.141817132781511
815,0.318929160581532,0.138063727629535,0.0208873722899135
816,-0.0454979362061265,0.0502634400569711,0.365365024266483
817,0.00082633384749623,0.0383750956145351,0.982820418802139
818,-0.0396826626609118,0.0567603133495638,0.484472720641104
819,0.0253087990270013,0.0695912487719844,0.716098550140178
820,0.0224259432704857,0.0458127944293258,0.624478787547162
821,-0.0236729624419134,0.0830151670448063,0.775518265688453
822,-0.0317885445960771,0.051542832218818,0.537405999421165
823,-0.122630468706782,0.0743147423567531,0.0989122697228444
824,-0.0535846268299341,0.0526000544817479,0.30833682372047
825,0.0200665114169599,0.034704898769902,0.563126396036751
826,-0.0717834310915076,0.0648555593436545,0.268371753401111
827,-0.0610826817510649,0.0968174061585218,0.528101993214563
828,0.254390311052754,0.155253745820094,0.101307971484516
829,-0.126870012543497,0.133072048854184,0.340390786310492
830,-0.0575105089876517,0.0417848222605462,0.168713530470637
831,0.205273882733466,0.0838978591142151,0.0144166061153103
832,0.024350632596131,0.0359250644202796,0.497887497777761
833,-0.126048356718197,0.0861501404365917,0.143433392617919
834,0.139867200968119,0.0552955987781263,0.0114242929908879
835,-0.0421926457041884,0.049696825423531,0.395880834113096
836,-0.0269202336209919,0.0719795347352685,0.708405477650981
837,-0.0462623689951975,0.0517694859404917,0.371523991140147
838,0.00854185681880825,0.0690809783632369,0.901592472509728
839,0.0559450658005053,0.0624799233135044,0.370568661127897
840,0.0509622163698448,0.107554473586486,0.635623260451455
841,-0.114357600126066,0.0988144328707273,0.247151231371749
842,-0.0847853386151612,0.070410100181542,0.228526028566637
843,0.0391294687432478,0.0498159005458525,0.432171307510627
844,-0.0668636330688935,0.0513919902707972,0.193240780412515
845,0.174991008105917,0.117245687323807,0.135564051427539
846,-0.17318859460564,0.0704052680502233,0.0138983016593314
847,0.00829715521327974,0.0744988713462907,0.911320650452976
848,-0.0244900557970985,0.0561570275711401,0.66276448628803
849,0.129058441409346,0.0516968000092766,0.0125443591380126
850,0.00288361473579676,0.0484236090143099,0.952514225770418
851,0.0776311258025365,0.0765330800327746,0.31041704458115
852,0.0547415024296268,0.0433625948041514,0.206800221795793
853,-0.209698990823382,0.0784483731656856,0.00751577148195916
854,0.00258039657682063,0.0608337502489093,0.96616612721726
855,-0.0433202269608068,0.0372406650687358,0.244727831542046
856,0.0408378305971235,0.0584479218090377,0.484736671776133
857,-0.109881682801709,0.0945854354147465,0.245349688247704
858,-0.119710917317744,0.0598661446968751,0.0455388269626345
859,0.0226101975596821,0.064023584075764,0.723972842178209
860,0.0801190315439383,0.0532408950838725,0.132365202705217
861,-0.0446994252768414,0.0403298120109795,0.267711994100384
862,-0.0141709979482375,0.0471222938035653,0.763621838332623
863,-0.072818824202492,0.0458762416009012,0.112447350756283
864,0.0212938744461637,0.0656728925753771,0.745755237006862
865,-0.0787094626334814,0.120217737803386,0.512645339105141
866,-0.190114131287218,0.0733536065071155,0.0095489430661644
867,-0.0885506353167437,0.0337487951699035,0.00869506948393873
868,-0.00333046380745541,0.0752593337005923,0.964702602977564
869,0.0351327801324659,0.194282408984488,0.856498218377885
870,-0.01394938264226,0.07464676884711,0.851761080873603
871,-0.0768701584164033,0.0391978596619052,0.0498696325036466
872,-0.000494027331203391,0.0652545340858183,0.993959454001836
873,0.0100904387899803,0.0590900601598055,0.864409553225033
874,-0.2721355608727,0.0853260904102145,0.00142588526401723
875,-0.00423562319947383,0.0459341262839743,0.926530545900124
876,-0.143581113657652,0.0654143698847544,0.0281673573461693
877,-0.00386797866444611,0.0460940507926902,0.933124075582274
878,-0.0320801558263981,0.0379477605815503,0.397900502080103
879,-0.0389728844663328,0.0613839163253455,0.52549112953043
880,-0.0965459966100458,0.0672357093204725,0.151021310583262
881,-0.0193576033828821,0.066711087135149,0.771685644270296
882,-0.0151182476323393,0.0809060867394126,0.851769081548559
883,0.13391767429538,0.0683458917995027,0.0500647041274286
884,0.0851093190606755,0.0593652188474879,0.151670373152472
885,-0.0852051668416593,0.124868099812601,0.495010480227433
886,-0.0199197319658363,0.0287725215140302,0.488737704990871
887,-0.00180681098574228,0.0582661692810521,0.975261878423361
888,-0.114407143538359,0.0623441104696326,0.0664921418556411
889,-0.0227729909722395,0.0626360344153214,0.716174268171284
890,-0.0614470163300796,0.0692909879628641,0.375188388989483
891,0.103051797233743,0.137108423219789,0.452286789366641
892,-0.132092599948836,0.150923444865222,0.381449229688506
893,0.0380760289142729,0.0439302352473126,0.386085271778601
894,0.0569675714579526,0.114936721353774,0.620146370050911
895,-0.00254840776378933,0.0912700948022373,0.977724674865773
896,-0.0183479702978166,0.050546452624585,0.716610677657964
897,-0.0248431551466118,0.0688833850878679,0.718357174193477
898,0.139454982482056,0.0802780945458316,0.0823609383761307
899,0.100499292196442,0.0749364064665224,0.179878987641201
900,0.0389511213855582,0.071383686636943,0.585300645848708
901,-0.0913734960507288,0.0904561399357829,0.312427527495205
902,-0.0706245675367316,0.0771839177033348,0.360182904819912
903,-0.170053396181438,0.108926697253247,0.118482986534167
904,-0.00924961277055305,0.0319448678677001,0.772161091311973
905,0.0608665213221326,0.0512529399873225,0.235002344758153
906,0.0666165595516708,0.0483673892998647,0.168418529537774
907,0.150430445430447,0.119851379767688,0.209427382837836
908,0.114781878518333,0.0392112677438718,0.00341954379730291
909,-0.109161862149976,0.0686999525879835,0.112068156788163
910,0.166576643526777,0.0526803825262791,0.00156676552295873
911,-0.050118752308236,0.0496501947440113,0.312765017497179
912,0.114534739361667,0.0545124798870944,0.0356344946775058
913,0.120941339953391,0.0540553223431736,0.0252626708884608
914,-0.0238612776306153,0.0680599029516054,0.725894237150691
915,0.157466818871353,0.047788219242398,0.000983877044725678
916,-0.172608216456065,0.0541312471822361,0.00142914944731905
917,-0.0275248728195857,0.0484995813905594,0.570355475261925
918,0.118652163506881,0.0614020575794213,0.0533125092922818
919,-0.200767392080863,0.136533734835754,0.14143721871065
920,-0.0399642363442264,0.0816578533498818,0.624550882744992
921,0.116608041118579,0.0619483524944611,0.0597894740803674
922,-0.0324854105584156,0.0572184591557605,0.570209122275997
923,-0.0355036719914498,0.0831679422948882,0.669458493936158
924,0.0988985322156497,0.0995262450916977,0.320372355840447
925,-0.141787927333291,0.0980574022474603,0.148186001435324
926,0.0142858208260225,0.0650542660182806,0.826183840689619
927,-0.0842183913409073,0.0552757202910352,0.127607288931842
928,-0.00963083938272336,0.0680599751051773,0.887470864055623
929,-0.008310727135524,0.0556337181988081,0.881251490350341
930,-0.004434342314055,0.0486347119846072,0.927352355667954
931,0.133092208566065,0.0699690992431533,0.0571506387246232
932,-0.028881543010467,0.0969706943782328,0.765826925580916
933,-0.0297078191334389,0.0730702419237246,0.684327344690429
934,-0.0870230311441148,0.080977565782883,0.282528746643618
935,0.0202080697226554,0.0618876358798282,0.744024617885946
936,0.0650541998585711,0.100260478956786,0.516434122890263
937,-0.031198531836609,0.0506711978655352,0.538088950706623
938,0.0346180607930285,0.0817250323721448,0.671863472063551
939,0.00281970393911855,0.0440552857215504,0.948967232810064
940,-0.078398629254583,0.0577990519353786,0.174971959635732
941,-0.0380359586386238,0.0776679256302589,0.624328201128211
942,-0.0442462109247411,0.0738649771832606,0.549163047837981
943,0.137725478040444,0.0522974431117466,0.00845090667195684
944,-0.0381143862667825,0.0478637395717642,0.425851731286112
945,0.0536590434342916,0.0612288304488284,0.380829513930216
946,-0.000161401895013466,0.104915208986549,0.998772532309066
947,0.269076069595292,0.147501170478203,0.0681172983633133
948,-0.0581489375908218,0.0566016625146467,0.304262176267968
949,0.295119288589343,0.152972537999185,0.0537022512367753
950,0.0990665436539281,0.130109304101085,0.446412131865488
951,-0.0440201163659528,0.0465997670457985,0.344841466366062
952,-0.00992956456853628,0.0814810876503867,0.903007180798967
953,0.106367674331138,0.0627773373477816,0.0901960938513097
954,0.00961386949638276,0.0607060594162644,0.874167187650514
955,0.0889695939572425,0.0571061453951901,0.11924063959677
956,0.120984946720325,0.0579589914003814,0.0368498913037348
957,0.117878913915268,0.0553259125812759,0.0331198375354998
958,0.0418777411330038,0.0383175165308304,0.274431665421218
959,0.0924367512936527,0.0892777082532028,0.300489402503904
960,-0.0417384902505475,0.0442490918188135,0.345546868240378
961,0.00258938671301542,0.0773786889500684,0.973304715119454
962,-0.123760647407535,0.0946450802329559,0.190999190827337
963,-0.0822920295032624,0.0872169467452101,0.345408566379952
964,-0.0745338721088207,0.0584106110214695,0.201943824304203
965,0.00751539742151486,0.0756716437482428,0.920887454265819
966,-0.11779457027369,0.0613530198736909,0.0548645452855291
967,0.0141782639533906,0.0485679272164961,0.770342838047642
968,-0.0711212936537052,0.0492790545740817,0.14895406987385
969,0.0903064418189422,0.0522470855927077,0.0839076919655561
970,0.0899249032447175,0.116893175536988,0.441720399385857
971,-0.0483559484510933,0.0335381876569401,0.149353843067152
972,0.0239289576158991,0.0602994273175735,0.691488718685866
973,0.0361039153876627,0.0459539616950839,0.43207019926324
974,0.0800496353380991,0.0445641801349895,0.072450389939834
975,-0.042767966071506,0.0561970239743295,0.446635482888372
976,0.0349582193243583,0.0812950485793514,0.66718357545027
977,0.0306620349959136,0.0418166138919019,0.463405922941297
978,0.0261087473073589,0.0612841627599046,0.670087704669142
979,0.0187464271898974,0.0259748970806668,0.47047079881316
980,0.000559431210834889,0.0423952887437389,0.989471741181032
981,0.129589326982868,0.0733959892438074,0.0774598500428172
982,0.145188616002175,0.108799396521214,0.182052625850298
983,0.0491085758109737,0.0685339829151868,0.473646848872648
984,-0.056959964612025,0.0782174070280048,0.466475133885442
985,0.000279854544918799,0.0768942589431184,0.997096127451039
986,-0.0937169062246487,0.0628269976714665,0.135786685179166
987,0.0177198381116127,0.0581973002099956,0.760763220450676
988,-0.0287128189574205,0.0447206568129004,0.520841862252435
989,-0.0979160245012512,0.0557922239254362,0.0792572490407994
990,0.210875312056781,0.0834868514075231,0.0115418558970118
991,0.00317975498662678,0.062341639637953,0.959321285059
992,0.128627794494925,0.0512658534088094,0.0121061662485896
993,0.0249807731842533,0.0362185575904106,0.490368381986232
994,-0.0593182614285336,0.0575587630817435,0.302743105773574
995,0.0411942822411987,0.0494359917754722,0.404683878977144
996,-0.0421025896561193,0.0631374708222321,0.504874353550714
997,0.018733003561148,0.0843395497557981,0.824225058346734
998,0.0300191608259224,0.0575269088736495,0.601789983326127
999,-0.0235779720715583,0.0666242181572609,0.72341763744065
1000,-0.0486447543361865,0.0862744827267573,0.572864998940895
